data_id,timeseries_id,timestamp,value
0,0,2010-01-01,-0.7105199999999999
1,0,2010-01-02,-1.1833
2,0,2010-01-03,-1.3724
3,0,2010-01-04,-1.5931
4,0,2010-01-05,-1.467
5,0,2010-01-06,-1.3724
6,0,2010-01-07,-1.0888
7,0,2010-01-08,0.045967
8,0,2010-01-09,0.92853
9,0,2010-01-10,1.0861
10,0,2010-01-11,1.2753
11,0,2010-01-12,0.96005
12,0,2010-01-13,0.61333
13,0,2010-01-14,0.014447
14,0,2010-01-15,-0.64748
15,0,2010-01-16,-0.26923
16,0,2010-01-17,-0.20619
17,0,2010-01-18,0.61333
18,0,2010-01-19,1.3698
19,0,2010-01-20,1.4644
20,0,2010-01-21,1.0546
21,0,2010-01-22,0.58181
22,0,2010-01-23,0.17205
23,0,2010-01-24,-0.26923
24,1,2010-01-01,-0.99301
25,1,2010-01-02,-1.4268
26,1,2010-01-03,-1.5799
27,1,2010-01-04,-1.6054
28,1,2010-01-05,-1.6309
29,1,2010-01-06,-1.3758
30,1,2010-01-07,-1.0185
31,1,2010-01-08,-0.3551
32,1,2010-01-09,0.71658
33,1,2010-01-10,1.2014
34,1,2010-01-11,1.1248
35,1,2010-01-12,1.0483
36,1,2010-01-13,0.79313
37,1,2010-01-14,0.46142
38,1,2010-01-15,0.48694
39,1,2010-01-16,0.56348
40,1,2010-01-17,0.61452
41,1,2010-01-18,0.30832
42,1,2010-01-19,0.25729
43,1,2010-01-20,1.0993
44,1,2010-01-21,1.0483
45,1,2010-01-22,0.69107
46,1,2010-01-23,-0.048906
47,1,2010-01-24,-0.38062
48,2,2010-01-01,1.3191
49,2,2010-01-02,0.56977
50,2,2010-01-03,0.19513
51,2,2010-01-04,-0.08585599999999999
52,2,2010-01-05,-0.17952
53,2,2010-01-06,-0.27318000000000003
54,2,2010-01-07,-0.08585599999999999
55,2,2010-01-08,-1.3971
56,2,2010-01-09,-1.1161
57,2,2010-01-10,-0.74149
58,2,2010-01-11,0.0078051000000000014
59,2,2010-01-12,-0.08585599999999999
60,2,2010-01-13,0.0078051000000000014
61,2,2010-01-14,-0.4605
62,2,2010-01-15,-0.55416
63,2,2010-01-16,-0.74149
64,2,2010-01-17,-0.74149
65,2,2010-01-18,-0.74149
66,2,2010-01-19,-1.1161
67,2,2010-01-20,-0.4605
68,2,2010-01-21,0.47611
69,2,2010-01-22,2.3493
70,2,2010-01-23,2.2557
71,2,2010-01-24,1.6001
72,3,2010-01-01,-0.8124399999999999
73,3,2010-01-02,-1.1576
74,3,2010-01-03,-1.4164
75,3,2010-01-04,-1.5314
76,3,2010-01-05,-1.5027
77,3,2010-01-06,-1.4164
78,3,2010-01-07,-1.6465
79,3,2010-01-08,-0.46734
80,3,2010-01-09,0.65427
81,3,2010-01-10,1.0569
82,3,2010-01-11,1.3445
83,3,2010-01-12,1.2007
84,3,2010-01-13,0.99938
85,3,2010-01-14,0.65427
86,3,2010-01-15,0.74055
87,3,2010-01-16,0.88434
88,3,2010-01-17,0.88434
89,3,2010-01-18,0.68303
90,3,2010-01-19,0.62551
91,3,2010-01-20,0.4242
92,3,2010-01-21,-0.0071898
93,3,2010-01-22,-0.035949
94,3,2010-01-23,0.10785
95,3,2010-01-24,-0.26602
96,4,2010-01-01,-0.97284
97,4,2010-01-02,-1.3905
98,4,2010-01-03,-1.5367
99,4,2010-01-04,-1.6202
100,4,2010-01-05,-1.6202
101,4,2010-01-06,-1.4532
102,4,2010-01-07,-0.99372
103,4,2010-01-08,0.050469
104,4,2010-01-09,0.63522
105,4,2010-01-10,1.032
106,4,2010-01-11,0.80229
107,4,2010-01-12,0.8231700000000001
108,4,2010-01-13,0.6561
109,4,2010-01-14,0.38461
110,4,2010-01-15,0.32196
111,4,2010-01-16,0.48903
112,4,2010-01-17,0.61433
113,4,2010-01-18,1.3035
114,4,2010-01-19,1.2409
115,4,2010-01-20,1.0738
116,4,2010-01-21,0.5516800000000001
117,4,2010-01-22,0.42638
118,4,2010-01-23,-0.17925
119,4,2010-01-24,-0.6387
120,5,2010-01-01,0.36742
121,5,2010-01-02,-0.27781
122,5,2010-01-03,-0.76173
123,5,2010-01-04,-0.8692700000000001
124,5,2010-01-05,-1.1381
125,5,2010-01-06,-1.0843
126,5,2010-01-07,-1.1381
127,5,2010-01-08,-0.60042
128,5,2010-01-09,-1.0843
129,5,2010-01-10,-0.27781
130,5,2010-01-11,0.36742
131,5,2010-01-12,0.4749600000000001
132,5,2010-01-13,0.52873
133,5,2010-01-14,0.098577
134,5,2010-01-15,-0.27781
135,5,2010-01-16,-0.38535
136,5,2010-01-17,-0.60042
137,5,2010-01-18,-0.54665
138,5,2010-01-19,-0.49289
139,5,2010-01-20,0.36742
140,5,2010-01-21,2.3031
141,5,2010-01-22,2.088
142,5,2010-01-23,1.7654
143,5,2010-01-24,1.1740000000000002
144,6,2010-01-01,0.087213
145,6,2010-01-02,-0.5764600000000001
146,6,2010-01-03,-1.087
147,6,2010-01-04,-1.3933
148,6,2010-01-05,-1.3933
149,6,2010-01-06,-1.2912
150,6,2010-01-07,-1.7506
151,6,2010-01-08,-0.7296100000000001
152,6,2010-01-09,0.34247
153,6,2010-01-10,1.7209
154,6,2010-01-11,1.823
155,6,2010-01-12,1.7719
156,6,2010-01-13,1.1593
157,6,2010-01-14,0.80193
158,6,2010-01-15,0.18932
159,6,2010-01-16,-0.01489
160,6,2010-01-17,-0.065941
161,6,2010-01-18,-0.065941
162,6,2010-01-19,-0.01489
163,6,2010-01-20,0.087213
164,6,2010-01-21,-0.3212
165,6,2010-01-22,-0.2191
166,6,2010-01-23,0.75088
167,6,2010-01-24,0.18932
168,7,2010-01-01,-1.0991
169,7,2010-01-02,-1.3756
170,7,2010-01-03,-1.523
171,7,2010-01-04,-1.5599
172,7,2010-01-05,-1.5968
173,7,2010-01-06,-1.4309
174,7,2010-01-07,-1.1359
175,7,2010-01-08,-0.23272
176,7,2010-01-09,0.6520699999999999
177,7,2010-01-10,0.947
178,7,2010-01-11,1.0023
179,7,2010-01-12,0.91013
180,7,2010-01-13,0.79953
181,7,2010-01-14,0.43087
182,7,2010-01-15,0.5599
183,7,2010-01-16,0.63363
184,7,2010-01-17,0.8364
185,7,2010-01-18,0.7811
186,7,2010-01-19,1.2051
187,7,2010-01-20,0.98386
188,7,2010-01-21,0.59677
189,7,2010-01-22,0.30184
190,7,2010-01-23,-0.12212
191,7,2010-01-24,-0.5645100000000001
192,8,2010-01-01,-1.1499
193,8,2010-01-02,-1.5492
194,8,2010-01-03,-1.4893
195,8,2010-01-04,-1.5692
196,8,2010-01-05,-1.5692
197,8,2010-01-06,-1.4494
198,8,2010-01-07,-1.09
199,8,2010-01-08,0.08819600000000001
200,8,2010-01-09,0.34779
201,8,2010-01-10,1.0667
202,8,2010-01-11,1.1066
203,8,2010-01-12,1.0467
204,8,2010-01-13,0.64732
205,8,2010-01-14,0.50754
206,8,2010-01-15,0.60738
207,8,2010-01-16,0.62735
208,8,2010-01-17,0.68726
209,8,2010-01-18,0.7272
210,8,2010-01-19,1.0667
211,8,2010-01-20,0.96682
212,8,2010-01-21,0.5874199999999999
213,8,2010-01-22,0.36776
214,8,2010-01-23,-0.071555
215,8,2010-01-24,-0.5108699999999999
216,9,2010-01-01,-0.7562399999999999
217,9,2010-01-02,-1.1884
218,9,2010-01-03,-1.3155
219,9,2010-01-04,-1.4426
220,9,2010-01-05,-1.4426
221,9,2010-01-06,-1.2901
222,9,2010-01-07,-1.5443
223,9,2010-01-08,-0.88334
224,9,2010-01-09,0.41307
225,9,2010-01-10,1.2011
226,9,2010-01-11,1.2773
227,9,2010-01-12,1.2519
228,9,2010-01-13,0.99773
229,9,2010-01-14,0.84521
230,9,2010-01-15,0.89605
231,9,2010-01-16,0.97231
232,9,2010-01-17,1.0231
233,9,2010-01-18,0.71811
234,9,2010-01-19,0.31139
235,9,2010-01-20,0.48933
236,9,2010-01-21,-0.14615999999999998
237,9,2010-01-22,-0.197
238,9,2010-01-23,0.057195
239,9,2010-01-24,-0.24784
240,10,2010-01-01,-0.50952
241,10,2010-01-02,-1.2396
242,10,2010-01-03,-1.2396
243,10,2010-01-04,-1.6046
244,10,2010-01-05,-1.6046
245,10,2010-01-06,-1.1483
246,10,2010-01-07,-0.7832899999999999
247,10,2010-01-08,-1.2396
248,10,2010-01-09,-0.14449
249,10,2010-01-10,0.95059
250,10,2010-01-11,1.3156
251,10,2010-01-12,1.4981
252,10,2010-01-13,1.2244
253,10,2010-01-14,0.8593299999999999
254,10,2010-01-15,0.49431
255,10,2010-01-16,0.76808
256,10,2010-01-17,0.49431
257,10,2010-01-18,0.49431
258,10,2010-01-19,0.12928
259,10,2010-01-20,-0.327
260,10,2010-01-21,-0.69203
261,10,2010-01-22,1.0418
262,10,2010-01-23,0.8593299999999999
263,10,2010-01-24,0.40305
264,11,2010-01-01,-1.0048
265,11,2010-01-02,-1.3816
266,11,2010-01-03,-1.5575
267,11,2010-01-04,-1.6077
268,11,2010-01-05,-1.6579
269,11,2010-01-06,-1.4319
270,11,2010-01-07,-1.0802
271,11,2010-01-08,0.22608000000000006
272,11,2010-01-09,0.92946
273,11,2010-01-10,1.1807
274,11,2010-01-11,1.1053
275,11,2010-01-12,0.8792200000000001
276,11,2010-01-13,0.72849
277,11,2010-01-14,0.52753
278,11,2010-01-15,0.55265
279,11,2010-01-16,0.65313
280,11,2010-01-17,0.57777
281,11,2010-01-18,0.27631999999999995
282,11,2010-01-19,0.22608000000000006
283,11,2010-01-20,1.2058
284,11,2010-01-21,0.77873
285,11,2010-01-22,0.52753
286,11,2010-01-23,0.02512
287,11,2010-01-24,-0.67825
288,12,2010-01-01,-0.97487
289,12,2010-01-02,-1.2824
290,12,2010-01-03,-1.5490000000000002
291,12,2010-01-04,-1.6105
292,12,2010-01-05,-1.631
293,12,2010-01-06,-1.4875
294,12,2010-01-07,-1.0159
295,12,2010-01-08,-0.13414
296,12,2010-01-09,0.68608
297,12,2010-01-10,1.0347
298,12,2010-01-11,1.0142
299,12,2010-01-12,0.89113
300,12,2010-01-13,0.52204
301,12,2010-01-14,0.44001
302,12,2010-01-15,0.399
303,12,2010-01-16,0.4195100000000001
304,12,2010-01-17,0.5425399999999999
305,12,2010-01-18,1.3012
306,12,2010-01-19,1.2192
307,12,2010-01-20,0.91164
308,12,2010-01-21,0.58355
309,12,2010-01-22,0.52204
310,12,2010-01-23,-0.19566
311,12,2010-01-24,-0.60577
312,13,2010-01-01,-0.87492
313,13,2010-01-02,-1.2653
314,13,2010-01-03,-1.4884
315,13,2010-01-04,-1.6836
316,13,2010-01-05,-1.6836
317,13,2010-01-06,-1.5163
318,13,2010-01-07,-1.2653
319,13,2010-01-08,-0.3172
320,13,2010-01-09,0.51937
321,13,2010-01-10,1.1329
322,13,2010-01-11,1.1886
323,13,2010-01-12,1.1886
324,13,2010-01-13,0.88189
325,13,2010-01-14,0.57514
326,13,2010-01-15,0.6030300000000001
327,13,2010-01-16,0.63092
328,13,2010-01-17,0.88189
329,13,2010-01-18,0.49149
330,13,2010-01-19,0.2684
331,13,2010-01-20,0.35206
332,13,2010-01-21,0.88189
333,13,2010-01-22,0.63092
334,13,2010-01-23,0.15686
335,13,2010-01-24,-0.28931
336,14,2010-01-01,-0.96432
337,14,2010-01-02,-1.4333
338,14,2010-01-03,-1.5271
339,14,2010-01-04,-1.6209
340,14,2010-01-05,-1.6678
341,14,2010-01-06,-1.4333
342,14,2010-01-07,-0.96432
343,14,2010-01-08,-0.23742
344,14,2010-01-09,0.65363
345,14,2010-01-10,1.146
346,14,2010-01-11,1.146
347,14,2010-01-12,1.0054
348,14,2010-01-13,0.7708699999999999
349,14,2010-01-14,0.37225
350,14,2010-01-15,0.37225
351,14,2010-01-16,0.55984
352,14,2010-01-17,0.5363899999999999
353,14,2010-01-18,0.39569
354,14,2010-01-19,0.46604
355,14,2010-01-20,1.404
356,14,2010-01-21,0.88812
357,14,2010-01-22,0.55984
358,14,2010-01-23,0.067415
359,14,2010-01-24,-0.49535
360,15,2010-01-01,0.83967
361,15,2010-01-02,-0.36945
362,15,2010-01-03,-0.42703
363,15,2010-01-04,-0.8300700000000001
364,15,2010-01-05,-0.94523
365,15,2010-01-06,-0.88765
366,15,2010-01-07,-1.8089
367,15,2010-01-08,-1.521
368,15,2010-01-09,-1.118
369,15,2010-01-10,-0.42703
370,15,2010-01-11,0.37905
371,15,2010-01-12,0.66694
372,15,2010-01-13,0.83967
373,15,2010-01-14,0.14874
374,15,2010-01-15,-0.081568
375,15,2010-01-16,-0.31188
376,15,2010-01-17,-0.54219
377,15,2010-01-18,-0.2543
378,15,2010-01-19,-0.023991
379,15,2010-01-20,0.37905
380,15,2010-01-21,0.95483
381,15,2010-01-22,2.164
382,15,2010-01-23,1.7033
383,15,2010-01-24,1.473
384,16,2010-01-01,-0.5855199999999999
385,16,2010-01-02,-0.8197200000000001
386,16,2010-01-03,-1.1878
387,16,2010-01-04,-1.4554
388,16,2010-01-05,-1.79
389,16,2010-01-06,-1.3885
390,16,2010-01-07,-1.0539
391,16,2010-01-08,-0.41823
392,16,2010-01-09,-0.45168
393,16,2010-01-10,0.1171
394,16,2010-01-11,0.5186
395,16,2010-01-12,0.6524300000000001
396,16,2010-01-13,0.55206
397,16,2010-01-14,0.21748
398,16,2010-01-15,-0.1171
399,16,2010-01-16,-0.48514
400,16,2010-01-17,0.016729
401,16,2010-01-18,1.1543
402,16,2010-01-19,1.422
403,16,2010-01-20,1.6227
404,16,2010-01-21,1.5223
405,16,2010-01-22,1.3216
406,16,2010-01-23,0.68589
407,16,2010-01-24,-0.050187
408,17,2010-01-01,-0.25806
409,17,2010-01-02,-0.73144
410,17,2010-01-03,-1.1259
411,17,2010-01-04,-1.3626
412,17,2010-01-05,-1.481
413,17,2010-01-06,-1.4415
414,17,2010-01-07,-1.0865
415,17,2010-01-08,-0.77088
416,17,2010-01-09,-0.81033
417,17,2010-01-10,0.01808
418,17,2010-01-11,0.33367
419,17,2010-01-12,0.64925
420,17,2010-01-13,0.6887
421,17,2010-01-14,-0.10026
422,17,2010-01-15,-0.21861
423,17,2010-01-16,-0.29751
424,17,2010-01-17,-0.25806
425,17,2010-01-18,0.88594
426,17,2010-01-19,1.5171
427,17,2010-01-20,1.7144
428,17,2010-01-21,1.6355
429,17,2010-01-22,1.3593
430,17,2010-01-23,0.84649
431,17,2010-01-24,0.29422
432,18,2010-01-01,-0.8695799999999999
433,18,2010-01-02,-1.2261
434,18,2010-01-03,-1.4181
435,18,2010-01-04,-1.5278
436,18,2010-01-05,-1.5278
437,18,2010-01-06,-1.4729
438,18,2010-01-07,-1.5552
439,18,2010-01-08,-0.6501899999999999
440,18,2010-01-09,0.50164
441,18,2010-01-10,1.1873
442,18,2010-01-11,1.2147
443,18,2010-01-12,1.2969
444,18,2010-01-13,1.0227
445,18,2010-01-14,0.6936100000000001
446,18,2010-01-15,0.6936100000000001
447,18,2010-01-16,0.8033100000000001
448,18,2010-01-17,0.8033100000000001
449,18,2010-01-18,0.66619
450,18,2010-01-19,0.39194
451,18,2010-01-20,0.33709
452,18,2010-01-21,0.090272
453,18,2010-01-22,0.1177
454,18,2010-01-23,0.44679
455,18,2010-01-24,-0.019426
456,19,2010-01-01,-1.0707
457,19,2010-01-02,-1.314
458,19,2010-01-03,-1.4824
459,19,2010-01-04,-1.5573
460,19,2010-01-05,-1.5573
461,19,2010-01-06,-1.4824
462,19,2010-01-07,-1.052
463,19,2010-01-08,-0.17234000000000002
464,19,2010-01-09,0.46399
465,19,2010-01-10,0.9693
466,19,2010-01-11,0.93187
467,19,2010-01-12,0.91316
468,19,2010-01-13,0.68857
469,19,2010-01-14,0.63243
470,19,2010-01-15,0.4827
471,19,2010-01-16,0.52013
472,19,2010-01-17,0.6511399999999999
473,19,2010-01-18,1.2875
474,19,2010-01-19,1.0816
475,19,2010-01-20,1.0629
476,19,2010-01-21,0.66986
477,19,2010-01-22,0.31426
478,19,2010-01-23,-0.26592
479,19,2010-01-24,-0.71509
480,20,2010-01-01,-1.042
481,20,2010-01-02,-1.3488
482,20,2010-01-03,-1.5214
483,20,2010-01-04,-1.6173
484,20,2010-01-05,-1.6365
485,20,2010-01-06,-1.2146
486,20,2010-01-07,-1.0995
487,20,2010-01-08,-0.2557
488,20,2010-01-09,0.77988
489,20,2010-01-10,1.1442
490,20,2010-01-11,1.1634
491,20,2010-01-12,0.97165
492,20,2010-01-13,0.85659
493,20,2010-01-14,0.49222
494,20,2010-01-15,0.45386
495,20,2010-01-16,0.53057
496,20,2010-01-17,0.70317
497,20,2010-01-18,0.68399
498,20,2010-01-19,1.1059
499,20,2010-01-20,1.01
500,20,2010-01-21,0.51139
501,20,2010-01-22,0.24291
502,20,2010-01-23,-0.21734
503,20,2010-01-24,-0.69677
504,21,2010-01-01,-0.81287
505,21,2010-01-02,-1.1727
506,21,2010-01-03,-1.5069
507,21,2010-01-04,-1.5583
508,21,2010-01-05,-1.6097
509,21,2010-01-06,-1.3783
510,21,2010-01-07,-1.1213
511,21,2010-01-08,-0.63294
512,21,2010-01-09,0.62652
513,21,2010-01-10,1.3205
514,21,2010-01-11,1.3976
515,21,2010-01-12,1.3976
516,21,2010-01-13,1.1663
517,21,2010-01-14,0.7550399999999999
518,21,2010-01-15,0.65222
519,21,2010-01-16,0.70363
520,21,2010-01-17,0.67793
521,21,2010-01-18,0.42089
522,21,2010-01-19,0.29238000000000003
523,21,2010-01-20,0.086749
524,21,2010-01-21,0.0096387
525,21,2010-01-22,0.52371
526,21,2010-01-23,0.18956
527,21,2010-01-24,-0.42732
528,22,2010-01-01,-1.0945
529,22,2010-01-02,-1.3614
530,22,2010-01-03,-1.6061
531,22,2010-01-04,-1.6505
532,22,2010-01-05,-1.6505
533,22,2010-01-06,-1.4726
534,22,2010-01-07,-1.1167
535,22,2010-01-08,0.26227
536,22,2010-01-09,0.8405600000000001
537,22,2010-01-10,1.1297
538,22,2010-01-11,1.1075
539,22,2010-01-12,1.0185
540,22,2010-01-13,0.77384
541,22,2010-01-14,0.37348
542,22,2010-01-15,0.37348
543,22,2010-01-16,0.5959
544,22,2010-01-17,0.55142
545,22,2010-01-18,0.35124
546,22,2010-01-19,0.50693
547,22,2010-01-20,1.1742
548,22,2010-01-21,0.7516
549,22,2010-01-22,0.46245
550,22,2010-01-23,0.017608000000000002
551,22,2010-01-24,-0.33826
552,23,2010-01-01,-0.83894
553,23,2010-01-02,-1.1511
554,23,2010-01-03,-1.4633
555,23,2010-01-04,-1.5881
556,23,2010-01-05,-1.713
557,23,2010-01-06,-1.4321
558,23,2010-01-07,-1.0262
559,23,2010-01-08,-0.43313
560,23,2010-01-09,0.22242
561,23,2010-01-10,0.44093
562,23,2010-01-11,0.97161
563,23,2010-01-12,1.034
564,23,2010-01-13,0.81553
565,23,2010-01-14,0.44093
566,23,2010-01-15,0.097551
567,23,2010-01-16,0.097551
568,23,2010-01-17,0.12877
569,23,2010-01-18,1.034
570,23,2010-01-19,1.3774
571,23,2010-01-20,1.4711
572,23,2010-01-21,1.0965
573,23,2010-01-22,0.69066
574,23,2010-01-23,0.066335
575,23,2010-01-24,-0.33948
576,24,2010-01-01,-0.96551
577,24,2010-01-02,-1.345
578,24,2010-01-03,-1.5584
579,24,2010-01-04,-1.6533
580,24,2010-01-05,-1.6296
581,24,2010-01-06,-1.4636
582,24,2010-01-07,-1.0604
583,24,2010-01-08,0.078071
584,24,2010-01-09,0.62358
585,24,2010-01-10,1.264
586,24,2010-01-11,1.1928
587,24,2010-01-12,0.95562
588,24,2010-01-13,0.7896
589,24,2010-01-14,0.36268
590,24,2010-01-15,0.41012
591,24,2010-01-16,0.33896
592,24,2010-01-17,0.5049899999999999
593,24,2010-01-18,0.33896
594,24,2010-01-19,0.52871
595,24,2010-01-20,1.43
596,24,2010-01-21,0.8133199999999999
597,24,2010-01-22,0.5049899999999999
598,24,2010-01-23,-0.0168
599,24,2010-01-24,-0.44372
600,25,2010-01-01,-0.40498
601,25,2010-01-02,-1.0099
602,25,2010-01-03,-1.3326
603,25,2010-01-04,-1.4535
604,25,2010-01-05,-1.4939
605,25,2010-01-06,-1.2922
606,25,2010-01-07,-0.8486
607,25,2010-01-08,-0.5259699999999999
608,25,2010-01-09,0.80491
609,25,2010-01-10,1.4099
610,25,2010-01-11,1.4099
611,25,2010-01-12,1.2082
612,25,2010-01-13,0.76458
613,25,2010-01-14,0.11931
614,25,2010-01-15,-0.32432
615,25,2010-01-16,-0.24366
616,25,2010-01-17,-0.163
617,25,2010-01-18,-0.44531
618,25,2010-01-19,-0.163
619,25,2010-01-20,1.7325
620,25,2010-01-21,1.4099
621,25,2010-01-22,0.9259
622,25,2010-01-23,0.15964
623,25,2010-01-24,-0.24366
624,26,2010-01-01,-0.92025
625,26,2010-01-02,-1.3825
626,26,2010-01-03,-1.5366
627,26,2010-01-04,-1.6136
628,26,2010-01-05,-1.6393
629,26,2010-01-06,-1.4339
630,26,2010-01-07,-0.99729
631,26,2010-01-08,-0.3039
632,26,2010-01-09,0.67199
633,26,2010-01-10,1.1343
634,26,2010-01-11,1.2113
635,26,2010-01-12,1.2113
636,26,2010-01-13,0.77472
637,26,2010-01-14,0.36382
638,26,2010-01-15,0.3895
639,26,2010-01-16,0.33814
640,26,2010-01-17,0.46654
641,26,2010-01-18,0.3895
642,26,2010-01-19,0.3895
643,26,2010-01-20,1.3911
644,26,2010-01-21,0.90313
645,26,2010-01-22,0.62063
646,26,2010-01-23,-0.098445
647,26,2010-01-24,-0.32958000000000004
648,27,2010-01-01,-0.64847
649,27,2010-01-02,-1.0947
650,27,2010-01-03,-1.3736
651,27,2010-01-04,-1.4852
652,27,2010-01-05,-1.6525
653,27,2010-01-06,-1.4294
654,27,2010-01-07,-0.81581
655,27,2010-01-08,-0.87159
656,27,2010-01-09,0.13248
657,27,2010-01-10,1.0808
658,27,2010-01-11,1.3597
659,27,2010-01-12,1.3597
660,27,2010-01-13,1.3039
661,27,2010-01-14,0.85765
662,27,2010-01-15,0.80187
663,27,2010-01-16,0.91343
664,27,2010-01-17,1.0808
665,27,2010-01-18,0.5787399999999999
666,27,2010-01-19,0.35561
667,27,2010-01-20,-0.034864
668,27,2010-01-21,-0.70425
669,27,2010-01-22,0.18826
670,27,2010-01-23,0.29983000000000004
671,27,2010-01-24,-0.20221
672,28,2010-01-01,-0.97386
673,28,2010-01-02,-1.2951
674,28,2010-01-03,-1.5629
675,28,2010-01-04,-1.6432
676,28,2010-01-05,-1.5093
677,28,2010-01-06,-1.5093
678,28,2010-01-07,-1.081
679,28,2010-01-08,-0.38486
680,28,2010-01-09,0.47187
681,28,2010-01-10,1.3822
682,28,2010-01-11,1.3286
683,28,2010-01-12,1.2751
684,28,2010-01-13,0.9002399999999999
685,28,2010-01-14,0.65928
686,28,2010-01-15,0.71283
687,28,2010-01-16,0.71283
688,28,2010-01-17,0.63251
689,28,2010-01-18,0.36478
690,28,2010-01-19,0.28446
691,28,2010-01-20,0.12382
692,28,2010-01-21,0.31123
693,28,2010-01-22,0.8466899999999999
694,28,2010-01-23,0.23092
695,28,2010-01-24,-0.27777
696,29,2010-01-01,-0.8882200000000001
697,29,2010-01-02,-1.3608
698,29,2010-01-03,-1.5847
699,29,2010-01-04,-1.6096
700,29,2010-01-05,-1.5847
701,29,2010-01-06,-1.4603
702,29,2010-01-07,-0.98772
703,29,2010-01-08,-0.5151
704,29,2010-01-09,0.50474
705,29,2010-01-10,1.1017
706,29,2010-01-11,1.1763
707,29,2010-01-12,1.0271
708,29,2010-01-13,0.67886
709,29,2010-01-14,0.33062
710,29,2010-01-15,0.45499
711,29,2010-01-16,0.45499
712,29,2010-01-17,0.57936
713,29,2010-01-18,0.43012
714,29,2010-01-19,0.45499
715,29,2010-01-20,1.45
716,29,2010-01-21,0.95248
717,29,2010-01-22,0.75348
718,29,2010-01-23,0.057004
719,29,2010-01-24,-0.41561
720,30,2010-01-01,-1.0434
721,30,2010-01-02,-1.3483
722,30,2010-01-03,-1.5008
723,30,2010-01-04,-1.577
724,30,2010-01-05,-1.6342
725,30,2010-01-06,-1.4627
726,30,2010-01-07,-1.0815
727,30,2010-01-08,-0.2811
728,30,2010-01-09,0.8433
729,30,2010-01-10,0.97671
730,30,2010-01-11,0.97671
731,30,2010-01-12,0.86236
732,30,2010-01-13,0.7099
733,30,2010-01-14,0.38592
734,30,2010-01-15,0.53838
735,30,2010-01-16,0.51932
736,30,2010-01-17,0.74802
737,30,2010-01-18,1.0148
738,30,2010-01-19,1.1673
739,30,2010-01-20,1.0339
740,30,2010-01-21,0.51932
741,30,2010-01-22,0.30969
742,30,2010-01-23,-0.10958
743,30,2010-01-24,-0.56697
744,31,2010-01-01,0.33926
745,31,2010-01-02,-0.32542
746,31,2010-01-03,-0.71315
747,31,2010-01-04,-0.93471
748,31,2010-01-05,-1.1009
749,31,2010-01-06,-1.1009
750,31,2010-01-07,-0.8793200000000001
751,31,2010-01-08,-0.54698
752,31,2010-01-09,-0.9901
753,31,2010-01-10,-0.32542
754,31,2010-01-11,0.28387
755,31,2010-01-12,0.61621
756,31,2010-01-13,0.50543
757,31,2010-01-14,0.1177
758,31,2010-01-15,-0.38081
759,31,2010-01-16,-0.54698
760,31,2010-01-17,-0.71315
761,31,2010-01-18,-0.71315
762,31,2010-01-19,-0.38081
763,31,2010-01-20,0.45004
764,31,2010-01-21,2.3887
765,31,2010-01-22,2.0564
766,31,2010-01-23,1.724
767,31,2010-01-24,1.1701
768,32,2010-01-01,-0.75213
769,32,2010-01-02,-1.0693
770,32,2010-01-03,-1.36
771,32,2010-01-04,-1.4921
772,32,2010-01-05,-1.5186
773,32,2010-01-06,-1.3864
774,32,2010-01-07,-1.4921
775,32,2010-01-08,-0.59355
776,32,2010-01-09,0.41075
777,32,2010-01-10,1.1508
778,32,2010-01-11,1.3093
779,32,2010-01-12,1.2829
780,32,2010-01-13,1.0715
781,32,2010-01-14,0.86005
782,32,2010-01-15,0.93933
783,32,2010-01-16,0.9129
784,32,2010-01-17,0.99219
785,32,2010-01-18,0.7279
786,32,2010-01-19,0.46361
787,32,2010-01-20,0.27861
788,32,2010-01-21,-0.17069
789,32,2010-01-22,-0.19712
790,32,2010-01-23,-0.11783
791,32,2010-01-24,-0.24997
792,33,2010-01-01,-0.35731
793,33,2010-01-02,-0.85205
794,33,2010-01-03,-1.3056
795,33,2010-01-04,-1.4705
796,33,2010-01-05,-1.5117
797,33,2010-01-06,-1.4705
798,33,2010-01-07,-1.017
799,33,2010-01-08,-0.72836
800,33,2010-01-09,-0.43977
801,33,2010-01-10,0.013743
802,33,2010-01-11,0.6733899999999999
803,33,2010-01-12,0.75585
804,33,2010-01-13,0.75585
805,33,2010-01-14,0.17866
806,33,2010-01-15,-0.39854
807,33,2010-01-16,-0.27485
808,33,2010-01-17,-0.027485
809,33,2010-01-18,1.0857
810,33,2010-01-19,1.5392
811,33,2010-01-20,1.6629
812,33,2010-01-21,1.5392
813,33,2010-01-22,1.0857
814,33,2010-01-23,0.5909399999999999
815,33,2010-01-24,-0.027485
816,34,2010-01-01,0.065389
817,34,2010-01-02,-0.52988
818,34,2010-01-03,-1.1251
819,34,2010-01-04,-1.3957
820,34,2010-01-05,-1.4498
821,34,2010-01-06,-1.2875
822,34,2010-01-07,-1.991
823,34,2010-01-08,-0.74634
824,34,2010-01-09,0.55243
825,34,2010-01-10,1.4724
826,34,2010-01-11,1.8512
827,34,2010-01-12,1.743
828,34,2010-01-13,1.2559
829,34,2010-01-14,0.49831
830,34,2010-01-15,-0.096956
831,34,2010-01-16,0.17362
832,34,2010-01-17,0.1195
833,34,2010-01-18,0.065389
834,34,2010-01-19,0.065389
835,34,2010-01-20,0.28185
836,34,2010-01-21,0.011274
837,34,2010-01-22,-0.096956
838,34,2010-01-23,0.55243
839,34,2010-01-24,0.011274
840,35,2010-01-01,-0.89604
841,35,2010-01-02,-1.2313
842,35,2010-01-03,-1.4117
843,35,2010-01-04,-1.4891
844,35,2010-01-05,-1.4891
845,35,2010-01-06,-1.4375
846,35,2010-01-07,-1.4891
847,35,2010-01-08,-0.74133
848,35,2010-01-09,0.47058
849,35,2010-01-10,1.2184
850,35,2010-01-11,1.1926
851,35,2010-01-12,1.141
852,35,2010-01-13,1.1152
853,35,2010-01-14,0.75422
854,35,2010-01-15,0.72844
855,35,2010-01-16,0.85736
856,35,2010-01-17,0.8315799999999999
857,35,2010-01-18,0.9605
858,35,2010-01-19,0.29009
859,35,2010-01-20,0.36744
860,35,2010-01-21,0.006446300000000001
861,35,2010-01-22,0.058017
862,35,2010-01-23,0.2643
863,35,2010-01-24,-0.07091
864,36,2010-01-01,-1.1149
865,36,2010-01-02,-1.3384
866,36,2010-01-03,-1.5213
867,36,2010-01-04,-1.6025
868,36,2010-01-05,-1.6025
869,36,2010-01-06,-1.501
870,36,2010-01-07,-1.0337
871,36,2010-01-08,-0.078731
872,36,2010-01-09,0.49016
873,36,2010-01-10,0.73397
874,36,2010-01-11,0.69334
875,36,2010-01-12,0.93715
876,36,2010-01-13,0.97778
877,36,2010-01-14,0.55111
878,36,2010-01-15,0.55111
879,36,2010-01-16,0.73397
880,36,2010-01-17,0.81524
881,36,2010-01-18,1.0997
882,36,2010-01-19,1.0387
883,36,2010-01-20,1.0794
884,36,2010-01-21,0.61207
885,36,2010-01-22,0.24635
886,36,2010-01-23,-0.16
887,36,2010-01-24,-0.6069899999999999
888,37,2010-01-01,0.2081
889,37,2010-01-02,-0.56485
890,37,2010-01-03,-1.0405
891,37,2010-01-04,-1.2783
892,37,2010-01-05,-1.3378
893,37,2010-01-06,-1.1
894,37,2010-01-07,-1.8135
895,37,2010-01-08,-0.74322
896,37,2010-01-09,0.32702
897,37,2010-01-10,1.6945
898,37,2010-01-11,2.2297
899,37,2010-01-12,1.8135
900,37,2010-01-13,1.0405
901,37,2010-01-14,0.2081
902,37,2010-01-15,-0.029729
903,37,2010-01-16,0.029729
904,37,2010-01-17,0.029729
905,37,2010-01-18,0.029729
906,37,2010-01-19,-0.14864000000000002
907,37,2010-01-20,0.029729
908,37,2010-01-21,-0.2081
909,37,2010-01-22,-0.26756
910,37,2010-01-23,0.74322
911,37,2010-01-24,0.14864000000000002
912,38,2010-01-01,-1.1455
913,38,2010-01-02,-1.3888
914,38,2010-01-03,-1.6077
915,38,2010-01-04,-1.6321
916,38,2010-01-05,-1.5834
917,38,2010-01-06,-1.3401
918,38,2010-01-07,-0.9022
919,38,2010-01-08,-0.48861
920,38,2010-01-09,0.5332100000000001
921,38,2010-01-10,1.1658
922,38,2010-01-11,1.0928
923,38,2010-01-12,0.97113
924,38,2010-01-13,0.7035100000000001
925,38,2010-01-14,0.46022
926,38,2010-01-15,0.38724
927,38,2010-01-16,0.58187
928,38,2010-01-17,0.5575399999999999
929,38,2010-01-18,0.38724
930,38,2010-01-19,0.31425
931,38,2010-01-20,1.3361
932,38,2010-01-21,1.1171
933,38,2010-01-22,0.7035100000000001
934,38,2010-01-23,0.07096000000000001
935,38,2010-01-24,-0.29398
936,39,2010-01-01,-0.88008
937,39,2010-01-02,-1.2583
938,39,2010-01-03,-1.462
939,39,2010-01-04,-1.5492
940,39,2010-01-05,-1.6074
941,39,2010-01-06,-1.5201
942,39,2010-01-07,-1.0256
943,39,2010-01-08,-0.7928
944,39,2010-01-09,0.34185
945,39,2010-01-10,0.7782600000000001
946,39,2010-01-11,1.2438
947,39,2010-01-12,1.2438
948,39,2010-01-13,1.1565
949,39,2010-01-14,0.66188
950,39,2010-01-15,0.72007
951,39,2010-01-16,0.80735
952,39,2010-01-17,1.0692
953,39,2010-01-18,0.86554
954,39,2010-01-19,0.48732
955,39,2010-01-20,0.42913
956,39,2010-01-21,0.22548
957,39,2010-01-22,0.51641
958,39,2010-01-23,-0.094555
959,39,2010-01-24,-0.3564
960,40,2010-01-01,-0.41137
961,40,2010-01-02,-0.67348
962,40,2010-01-03,-1.1103
963,40,2010-01-04,-1.2414
964,40,2010-01-05,-1.4161
965,40,2010-01-06,-1.3288
966,40,2010-01-07,-0.8482299999999999
967,40,2010-01-08,-0.58611
968,40,2010-01-09,-0.8045399999999999
969,40,2010-01-10,0.06916900000000001
970,40,2010-01-11,0.68077
971,40,2010-01-12,0.7681399999999999
972,40,2010-01-13,0.63708
973,40,2010-01-14,0.06916900000000001
974,40,2010-01-15,-0.36769
975,40,2010-01-16,-0.49874
976,40,2010-01-17,-0.36769
977,40,2010-01-18,-0.018202
978,40,2010-01-19,1.7729
979,40,2010-01-20,2.035
980,40,2010-01-21,1.5545
981,40,2010-01-22,1.4234
982,40,2010-01-23,0.63708
983,40,2010-01-24,0.025483
984,41,2010-01-01,-0.98674
985,41,2010-01-02,-1.3844
986,41,2010-01-03,-1.5037
987,41,2010-01-04,-1.5833
988,41,2010-01-05,-1.6230000000000002
989,41,2010-01-06,-1.3446
990,41,2010-01-07,-0.98674
991,41,2010-01-08,-0.091963
992,41,2010-01-09,0.92211
993,41,2010-01-10,1.121
994,41,2010-01-11,1.121
995,41,2010-01-12,1.0016
996,41,2010-01-13,0.80281
997,41,2010-01-14,0.3256
998,41,2010-01-15,0.34548
999,41,2010-01-16,0.38525
1000,41,2010-01-17,0.52444
1001,41,2010-01-18,0.74316
1002,41,2010-01-19,1.2204
1003,41,2010-01-20,1.1408
1004,41,2010-01-21,0.54432
1005,41,2010-01-22,0.26595
1006,41,2010-01-23,-0.27092
1007,41,2010-01-24,-0.68848
1008,42,2010-01-01,-0.8899600000000001
1009,42,2010-01-02,-1.2677
1010,42,2010-01-03,-1.4421
1011,42,2010-01-04,-1.5293
1012,42,2010-01-05,-1.5293
1013,42,2010-01-06,-1.4712
1014,42,2010-01-07,-1.1806
1015,42,2010-01-08,-0.7156
1016,42,2010-01-09,0.24338
1017,42,2010-01-10,1.0571
1018,42,2010-01-11,1.2605
1019,42,2010-01-12,1.3186
1020,42,2010-01-13,1.0861
1021,42,2010-01-14,0.7374
1022,42,2010-01-15,0.82458
1023,42,2010-01-16,0.8827
1024,42,2010-01-17,0.96988
1025,42,2010-01-18,0.62116
1026,42,2010-01-19,0.4468
1027,42,2010-01-20,0.18526
1028,42,2010-01-21,0.098077
1029,42,2010-01-22,0.5921
1030,42,2010-01-23,0.098077
1031,42,2010-01-24,-0.39594
1032,43,2010-01-01,-0.026952
1033,43,2010-01-02,-0.6276
1034,43,2010-01-03,-1.1821
1035,43,2010-01-04,-1.5979
1036,43,2010-01-05,-1.4593
1037,43,2010-01-06,-1.2283
1038,43,2010-01-07,-1.7827
1039,43,2010-01-08,-1.2283
1040,43,2010-01-09,0.34268000000000004
1041,43,2010-01-10,1.3592
1042,43,2010-01-11,1.6826
1043,43,2010-01-12,1.544
1044,43,2010-01-13,0.8971299999999999
1045,43,2010-01-14,0.43509
1046,43,2010-01-15,0.065456
1047,43,2010-01-16,0.15786
1048,43,2010-01-17,-0.026952
1049,43,2010-01-18,0.15786
1050,43,2010-01-19,-0.026952
1051,43,2010-01-20,0.11166
1052,43,2010-01-21,0.15786
1053,43,2010-01-22,1.0819
1054,43,2010-01-23,0.8971299999999999
1055,43,2010-01-24,0.29648
1056,44,2010-01-01,-1.0644
1057,44,2010-01-02,-1.3238
1058,44,2010-01-03,-1.5615
1059,44,2010-01-04,-1.6047
1060,44,2010-01-05,-1.5831
1061,44,2010-01-06,-1.4318
1062,44,2010-01-07,-0.91312
1063,44,2010-01-08,-0.07024
1064,44,2010-01-09,0.6429699999999999
1065,44,2010-01-10,0.90232
1066,44,2010-01-11,0.90232
1067,44,2010-01-12,0.8590899999999999
1068,44,2010-01-13,0.6645800000000001
1069,44,2010-01-14,0.36201
1070,44,2010-01-15,0.36201
1071,44,2010-01-16,0.5132899999999999
1072,44,2010-01-17,0.5997399999999999
1073,44,2010-01-18,0.6429699999999999
1074,44,2010-01-19,1.3562
1075,44,2010-01-20,1.3778
1076,44,2010-01-21,0.8374799999999999
1077,44,2010-01-22,0.36201
1078,44,2010-01-23,-0.048628
1079,44,2010-01-24,-0.78345
1080,45,2010-01-01,-0.78046
1081,45,2010-01-02,-1.1359
1082,45,2010-01-03,-1.382
1083,45,2010-01-04,-1.4641
1084,45,2010-01-05,-1.4641
1085,45,2010-01-06,-1.382
1086,45,2010-01-07,-1.4914
1087,45,2010-01-08,-0.67108
1088,45,2010-01-09,0.23129
1089,45,2010-01-10,1.243
1090,45,2010-01-11,1.4618
1091,45,2010-01-12,1.4071
1092,45,2010-01-13,1.2977
1093,45,2010-01-14,0.69615
1094,45,2010-01-15,0.69615
1095,45,2010-01-16,0.8328700000000001
1096,45,2010-01-17,0.86021
1097,45,2010-01-18,0.45005
1098,45,2010-01-19,0.36801
1099,45,2010-01-20,0.25863
1100,45,2010-01-21,-0.014812
1101,45,2010-01-22,0.039877
1102,45,2010-01-23,0.20394
1103,45,2010-01-24,-0.26091
1104,46,2010-01-01,0.3222
1105,46,2010-01-02,-0.084789
1106,46,2010-01-03,-0.54992
1107,46,2010-01-04,-0.84062
1108,46,2010-01-05,-0.95691
1109,46,2010-01-06,-1.015
1110,46,2010-01-07,-0.72434
1111,46,2010-01-08,-1.4802
1112,46,2010-01-09,-1.1313
1113,46,2010-01-10,-0.37549
1114,46,2010-01-11,0.26406
1115,46,2010-01-12,0.49662
1116,46,2010-01-13,0.49662
1117,46,2010-01-14,0.14778
1118,46,2010-01-15,-0.25921
1119,46,2010-01-16,-0.25921
1120,46,2010-01-17,-0.6662
1121,46,2010-01-18,-0.43364
1122,46,2010-01-19,-0.49178
1123,46,2010-01-20,0.20592
1124,46,2010-01-21,2.1827
1125,46,2010-01-22,2.2409
1126,46,2010-01-23,1.7176
1127,46,2010-01-24,1.1943
1128,47,2010-01-01,-0.76022
1129,47,2010-01-02,-1.2362
1130,47,2010-01-03,-1.3948
1131,47,2010-01-04,-1.5799
1132,47,2010-01-05,-1.6857
1133,47,2010-01-06,-1.3948
1134,47,2010-01-07,-1.4742
1135,47,2010-01-08,-0.6015699999999999
1136,47,2010-01-09,0.58835
1137,47,2010-01-10,1.1172
1138,47,2010-01-11,1.3023
1139,47,2010-01-12,1.2494
1140,47,2010-01-13,0.9321
1141,47,2010-01-14,0.7205600000000001
1142,47,2010-01-15,0.747
1143,47,2010-01-16,0.8263299999999999
1144,47,2010-01-17,0.85277
1145,47,2010-01-18,0.61479
1146,47,2010-01-19,0.50902
1147,47,2010-01-20,0.40325
1148,47,2010-01-21,0.19171
1149,47,2010-01-22,0.085938
1150,47,2010-01-23,0.19171
1151,47,2010-01-24,-0.20493000000000006
1152,48,2010-01-01,0.50632
1153,48,2010-01-02,-0.34943
1154,48,2010-01-03,-0.8628899999999999
1155,48,2010-01-04,-1.2622
1156,48,2010-01-05,-1.3763
1157,48,2010-01-06,-1.2052
1158,48,2010-01-07,-0.8628899999999999
1159,48,2010-01-08,-1.6045
1160,48,2010-01-09,-0.97699
1161,48,2010-01-10,-0.064182
1162,48,2010-01-11,0.73452
1163,48,2010-01-12,0.79157
1164,48,2010-01-13,0.79157
1165,48,2010-01-14,0.16402
1166,48,2010-01-15,-0.34943
1167,48,2010-01-16,-0.23533
1168,48,2010-01-17,-0.23533
1169,48,2010-01-18,-0.29238000000000003
1170,48,2010-01-19,-0.064182
1171,48,2010-01-20,1.0198
1172,48,2010-01-21,1.0198
1173,48,2010-01-22,2.3319
1174,48,2010-01-23,1.4762
1175,48,2010-01-24,0.90567
1176,49,2010-01-01,-0.4688
1177,49,2010-01-02,-0.89854
1178,49,2010-01-03,-1.3673
1179,49,2010-01-04,-1.4455
1180,49,2010-01-05,-1.4845
1181,49,2010-01-06,-1.2501
1182,49,2010-01-07,-0.74227
1183,49,2010-01-08,-0.5078699999999999
1184,49,2010-01-09,0.5078699999999999
1185,49,2010-01-10,1.4455
1186,49,2010-01-11,1.4845
1187,49,2010-01-12,1.2111
1188,49,2010-01-13,0.8204
1189,49,2010-01-14,0.19533
1190,49,2010-01-15,-0.31253000000000003
1191,49,2010-01-16,-0.31253000000000003
1192,49,2010-01-17,-0.42973
1193,49,2010-01-18,-0.42973
1194,49,2010-01-19,-0.1172
1195,49,2010-01-20,1.7189
1196,49,2010-01-21,1.4845
1197,49,2010-01-22,0.9376
1198,49,2010-01-23,0.19533
1199,49,2010-01-24,-0.2344
1200,50,2010-01-01,-1.0668
1201,50,2010-01-02,-1.3888
1202,50,2010-01-03,-1.5498
1203,50,2010-01-04,-1.6418
1204,50,2010-01-05,-1.6188
1205,50,2010-01-06,-1.4348
1206,50,2010-01-07,-0.97474
1207,50,2010-01-08,-0.35367
1208,50,2010-01-09,0.63545
1209,50,2010-01-10,1.2335
1210,50,2010-01-11,1.0495
1211,50,2010-01-12,0.79647
1212,50,2010-01-13,0.58945
1213,50,2010-01-14,0.38242
1214,50,2010-01-15,0.47443
1215,50,2010-01-16,0.5434399999999999
1216,50,2010-01-17,0.5434399999999999
1217,50,2010-01-18,0.35942
1218,50,2010-01-19,0.45143
1219,50,2010-01-20,1.4175
1220,50,2010-01-21,1.0265
1221,50,2010-01-22,0.77347
1222,50,2010-01-23,0.083385
1223,50,2010-01-24,-0.33067
1224,51,2010-01-01,-0.19934
1225,51,2010-01-02,-0.70591
1226,51,2010-01-03,-1.2125
1227,51,2010-01-04,-1.5502
1228,51,2010-01-05,-1.5502
1229,51,2010-01-06,-1.4939
1230,51,2010-01-07,-1.0999
1231,51,2010-01-08,-0.93106
1232,51,2010-01-09,-0.25563
1233,51,2010-01-10,1.1515
1234,51,2010-01-11,1.7144
1235,51,2010-01-12,1.4892
1236,51,2010-01-13,1.1515
1237,51,2010-01-14,1.0952
1238,51,2010-01-15,0.082083
1239,51,2010-01-16,-0.19934
1240,51,2010-01-17,-0.030488
1241,51,2010-01-18,-0.030488
1242,51,2010-01-19,-0.086774
1243,51,2010-01-20,0.025798
1244,51,2010-01-21,0.47608
1245,51,2010-01-22,1.4892
1246,51,2010-01-23,0.53237
1247,51,2010-01-24,0.13837
1248,52,2010-01-01,-0.98161
1249,52,2010-01-02,-1.3422
1250,52,2010-01-03,-1.5345
1251,52,2010-01-04,-1.6547
1252,52,2010-01-05,-1.6066
1253,52,2010-01-06,-1.4384
1254,52,2010-01-07,-0.98161
1255,52,2010-01-08,-0.45274
1256,52,2010-01-09,0.7492300000000001
1257,52,2010-01-10,1.3021
1258,52,2010-01-11,1.3743
1259,52,2010-01-12,1.23
1260,52,2010-01-13,0.98963
1261,52,2010-01-14,0.77327
1262,52,2010-01-15,0.6530699999999999
1263,52,2010-01-16,0.41268
1264,52,2010-01-17,0.67711
1265,52,2010-01-18,0.4848
1266,52,2010-01-19,0.2444
1267,52,2010-01-20,0.19632
1268,52,2010-01-21,0.14824
1269,52,2010-01-22,0.7492300000000001
1270,52,2010-01-23,0.2444
1271,52,2010-01-24,-0.23639
1272,53,2010-01-01,0.29828000000000005
1273,53,2010-01-02,-0.51807
1274,53,2010-01-03,-1.0832
1275,53,2010-01-04,-1.3344
1276,53,2010-01-05,-1.2716
1277,53,2010-01-06,-1.2088
1278,53,2010-01-07,-1.9624
1279,53,2010-01-08,-0.76926
1280,53,2010-01-09,0.48667
1281,53,2010-01-10,1.617
1282,53,2010-01-11,1.9938
1283,53,2010-01-12,1.6798
1284,53,2010-01-13,1.2402
1285,53,2010-01-14,0.54947
1286,53,2010-01-15,-0.20409
1287,53,2010-01-16,-0.015699
1288,53,2010-01-17,0.10989000000000003
1289,53,2010-01-18,-0.07849600000000001
1290,53,2010-01-19,-0.015699
1291,53,2010-01-20,-0.015699
1292,53,2010-01-21,-0.015699
1293,53,2010-01-22,-0.26689
1294,53,2010-01-23,0.7378600000000001
1295,53,2010-01-24,0.047097
1296,54,2010-01-01,-0.4595
1297,54,2010-01-02,-0.9311
1298,54,2010-01-03,-1.439
1299,54,2010-01-04,-1.5115
1300,54,2010-01-05,-1.6204
1301,54,2010-01-06,-1.4027
1302,54,2010-01-07,-0.8948200000000001
1303,54,2010-01-08,0.012092
1304,54,2010-01-09,0.48369
1305,54,2010-01-10,1.318
1306,54,2010-01-11,1.3543
1307,54,2010-01-12,1.1004
1308,54,2010-01-13,0.5199600000000001
1309,54,2010-01-14,0.19348
1310,54,2010-01-15,-0.3144
1311,54,2010-01-16,-0.20557
1312,54,2010-01-17,-0.3144
1313,54,2010-01-18,-0.24184
1314,54,2010-01-19,0.3023
1315,54,2010-01-20,1.6808
1316,54,2010-01-21,1.6808
1317,54,2010-01-22,0.84645
1318,54,2010-01-23,0.12092
1319,54,2010-01-24,-0.27812
1320,55,2010-01-01,-0.95324
1321,55,2010-01-02,-1.6212
1322,55,2010-01-03,-1.3707
1323,55,2010-01-04,-1.4542
1324,55,2010-01-05,-1.4542
1325,55,2010-01-06,-1.5655
1326,55,2010-01-07,-1.1481
1327,55,2010-01-08,-0.25744
1328,55,2010-01-09,0.6609999999999999
1329,55,2010-01-10,1.1898
1330,55,2010-01-11,1.2176
1331,55,2010-01-12,1.2455
1332,55,2010-01-13,0.99499
1333,55,2010-01-14,0.60534
1334,55,2010-01-15,0.6609999999999999
1335,55,2010-01-16,0.71667
1336,55,2010-01-17,0.91149
1337,55,2010-01-18,0.52185
1338,55,2010-01-19,0.46618
1339,55,2010-01-20,0.27136
1340,55,2010-01-21,0.7445
1341,55,2010-01-22,0.29919
1342,55,2010-01-23,-0.17395
1343,55,2010-01-24,-0.50793
1344,56,2010-01-01,-0.82904
1345,56,2010-01-02,-1.1944
1346,56,2010-01-03,-1.5035
1347,56,2010-01-04,-1.644
1348,56,2010-01-05,-1.5878
1349,56,2010-01-06,-1.4754
1350,56,2010-01-07,-1.4473
1351,56,2010-01-08,-0.21077
1352,56,2010-01-09,0.68852
1353,56,2010-01-10,1.2787
1354,56,2010-01-11,1.2506
1355,56,2010-01-12,1.2506
1356,56,2010-01-13,0.99766
1357,56,2010-01-14,0.66042
1358,56,2010-01-15,0.63232
1359,56,2010-01-16,0.85714
1360,56,2010-01-17,0.77283
1361,56,2010-01-18,0.60422
1362,56,2010-01-19,0.29508
1363,56,2010-01-20,0.15457
1364,56,2010-01-21,0.12646
1365,56,2010-01-22,0.21077
1366,56,2010-01-23,0.32318
1367,56,2010-01-24,-0.21077
1368,57,2010-01-01,-1.119
1369,57,2010-01-02,-1.4021
1370,57,2010-01-03,-1.5437
1371,57,2010-01-04,-1.6043
1372,57,2010-01-05,-1.5437
1373,57,2010-01-06,-1.3819
1374,57,2010-01-07,-1.0583
1375,57,2010-01-08,-0.20897
1376,57,2010-01-09,0.45838
1377,57,2010-01-10,0.96394
1378,57,2010-01-11,1.0044
1379,57,2010-01-12,0.6606
1380,57,2010-01-13,0.72127
1381,57,2010-01-14,0.5594899999999999
1382,57,2010-01-15,0.5999399999999999
1383,57,2010-01-16,0.88305
1384,57,2010-01-17,0.80216
1385,57,2010-01-18,1.0651
1386,57,2010-01-19,1.1055
1387,57,2010-01-20,1.0044
1388,57,2010-01-21,0.5797100000000001
1389,57,2010-01-22,0.27637
1390,57,2010-01-23,-0.24941
1391,57,2010-01-24,-0.57297
1392,58,2010-01-01,-0.052621
1393,58,2010-01-02,-0.5752
1394,58,2010-01-03,-1.0978
1395,58,2010-01-04,-1.3591
1396,58,2010-01-05,-1.4462
1397,58,2010-01-06,-1.4026
1398,58,2010-01-07,-0.96713
1399,58,2010-01-08,-0.61875
1400,58,2010-01-09,-0.83649
1401,58,2010-01-10,-0.13972
1402,58,2010-01-11,0.55705
1403,58,2010-01-12,0.6006
1404,58,2010-01-13,0.55705
1405,58,2010-01-14,0.12157
1406,58,2010-01-15,-0.35746
1407,58,2010-01-16,-0.31391
1408,58,2010-01-17,-0.53165
1409,58,2010-01-18,-0.052621
1410,58,2010-01-19,1.4716
1411,58,2010-01-20,1.5587
1412,58,2010-01-21,1.907
1413,58,2010-01-22,1.5587
1414,58,2010-01-23,1.1232
1415,58,2010-01-24,0.29576
1416,59,2010-01-01,1.209
1417,59,2010-01-02,0.57029
1418,59,2010-01-03,-0.25093000000000004
1419,59,2010-01-04,-0.34217
1420,59,2010-01-05,-0.70715
1421,59,2010-01-06,-0.6159100000000001
1422,59,2010-01-07,-0.34217
1423,59,2010-01-08,-1.3459
1424,59,2010-01-09,-0.98089
1425,59,2010-01-10,-0.43342
1426,59,2010-01-11,0.11406
1427,59,2010-01-12,0.38779
1428,59,2010-01-13,0.29655
1429,59,2010-01-14,-0.15968
1430,59,2010-01-15,-0.43342
1431,59,2010-01-16,-0.70715
1432,59,2010-01-17,-0.52466
1433,59,2010-01-18,-0.88965
1434,59,2010-01-19,-0.70715
1435,59,2010-01-20,-0.43342
1436,59,2010-01-21,-0.25093000000000004
1437,59,2010-01-22,2.2127
1438,59,2010-01-23,2.2127
1439,59,2010-01-24,2.1215
1440,60,2010-01-01,-0.81595
1441,60,2010-01-02,-1.0806
1442,60,2010-01-03,-1.3452
1443,60,2010-01-04,-1.4334
1444,60,2010-01-05,-1.5216
1445,60,2010-01-06,-1.4334
1446,60,2010-01-07,-1.5216
1447,60,2010-01-08,-0.66894
1448,60,2010-01-09,0.15437
1449,60,2010-01-10,1.1835
1450,60,2010-01-11,1.3305
1451,60,2010-01-12,1.3011
1452,60,2010-01-13,1.2423
1453,60,2010-01-14,0.80125
1454,60,2010-01-15,0.80125
1455,60,2010-01-16,0.86006
1456,60,2010-01-17,0.91887
1457,60,2010-01-18,0.65423
1458,60,2010-01-19,0.47781
1459,60,2010-01-20,0.3602
1460,60,2010-01-21,-0.13967000000000002
1461,60,2010-01-22,-0.16907
1462,60,2010-01-23,0.15437
1463,60,2010-01-24,-0.11026
1464,61,2010-01-01,-1.2386
1465,61,2010-01-02,-1.3335
1466,61,2010-01-03,-1.5045
1467,61,2010-01-04,-1.5615
1468,61,2010-01-05,-1.5425
1469,61,2010-01-06,-1.4855
1470,61,2010-01-07,-1.0106
1471,61,2010-01-08,-0.13692
1472,61,2010-01-09,0.60385
1473,61,2010-01-10,1.0027
1474,61,2010-01-11,1.0027
1475,61,2010-01-12,0.90776
1476,61,2010-01-13,0.7558
1477,61,2010-01-14,0.52788
1478,61,2010-01-15,0.50888
1479,61,2010-01-16,0.64184
1480,61,2010-01-17,0.71782
1481,61,2010-01-18,1.0977
1482,61,2010-01-19,1.1357
1483,61,2010-01-20,0.92675
1484,61,2010-01-21,0.52788
1485,61,2010-01-22,0.29995
1486,61,2010-01-23,-0.26987
1487,61,2010-01-24,-0.5737800000000001
1488,62,2010-01-01,-1.0379
1489,62,2010-01-02,-1.3017
1490,62,2010-01-03,-1.4695
1491,62,2010-01-04,-1.5894
1492,62,2010-01-05,-1.6133
1493,62,2010-01-06,-1.5174
1494,62,2010-01-07,-1.0619
1495,62,2010-01-08,-0.0069928
1496,62,2010-01-09,1.2157
1497,62,2010-01-10,1.1438
1498,62,2010-01-11,1.1198
1499,62,2010-01-12,1.0959
1500,62,2010-01-13,0.97599
1501,62,2010-01-14,0.35264
1502,62,2010-01-15,0.4245600000000001
1503,62,2010-01-16,0.44854
1504,62,2010-01-17,0.44854
1505,62,2010-01-18,0.30469
1506,62,2010-01-19,0.44854
1507,62,2010-01-20,1.2157
1508,62,2010-01-21,0.6643100000000001
1509,62,2010-01-22,0.35264
1510,62,2010-01-23,-0.10289
1511,62,2010-01-24,-0.51047
1512,63,2010-01-01,-0.37358
1513,63,2010-01-02,-0.98663
1514,63,2010-01-03,-1.4464
1515,63,2010-01-04,-1.6763
1516,63,2010-01-05,-1.7529
1517,63,2010-01-06,-1.3698
1518,63,2010-01-07,-0.91
1519,63,2010-01-08,-0.98663
1520,63,2010-01-09,-0.22032
1521,63,2010-01-10,0.8525299999999999
1522,63,2010-01-11,1.0058
1523,63,2010-01-12,1.3123
1524,63,2010-01-13,1.2357
1525,63,2010-01-14,0.7759
1526,63,2010-01-15,0.46937
1527,63,2010-01-16,0.7759
1528,63,2010-01-17,0.92916
1529,63,2010-01-18,0.39274
1530,63,2010-01-19,0.16284
1531,63,2010-01-20,0.009579
1532,63,2010-01-21,-0.37358
1533,63,2010-01-22,1.3123
1534,63,2010-01-23,0.92916
1535,63,2010-01-24,-0.067053
1536,64,2010-01-01,-1.1592
1537,64,2010-01-02,-1.3014
1538,64,2010-01-03,-1.5249
1539,64,2010-01-04,-1.5656
1540,64,2010-01-05,-1.6062
1541,64,2010-01-06,-1.4436
1542,64,2010-01-07,-1.0779
1543,64,2010-01-08,0.019474
1544,64,2010-01-09,0.7307100000000001
1545,64,2010-01-10,1.1778
1546,64,2010-01-11,1.1778
1547,64,2010-01-12,1.0965
1548,64,2010-01-13,1.0355
1549,64,2010-01-14,0.79168
1550,64,2010-01-15,0.71039
1551,64,2010-01-16,0.48686
1552,64,2010-01-17,0.44622
1553,64,2010-01-18,0.48686
1554,64,2010-01-19,0.26333
1555,64,2010-01-20,0.89328
1556,64,2010-01-21,0.66975
1557,64,2010-01-22,0.46654
1558,64,2010-01-23,-0.12277
1559,64,2010-01-24,-0.65112
1560,65,2010-01-01,-0.69492
1561,65,2010-01-02,-1.2358
1562,65,2010-01-03,-1.4161
1563,65,2010-01-04,-1.5063
1564,65,2010-01-05,-1.5063
1565,65,2010-01-06,-1.5063
1566,65,2010-01-07,-1.0555
1567,65,2010-01-08,-1.0105
1568,65,2010-01-09,-0.06385700000000001
1569,65,2010-01-10,1.1081
1570,65,2010-01-11,1.3786
1571,65,2010-01-12,1.3335
1572,65,2010-01-13,1.1081
1573,65,2010-01-14,0.74751
1574,65,2010-01-15,0.61228
1575,65,2010-01-16,1.063
1576,65,2010-01-17,0.92781
1577,65,2010-01-18,0.61228
1578,65,2010-01-19,0.25167
1579,65,2010-01-20,0.16152
1580,65,2010-01-21,0.026294
1581,65,2010-01-22,0.65736
1582,65,2010-01-23,0.2066
1583,65,2010-01-24,-0.19908
1584,66,2010-01-01,0.98403
1585,66,2010-01-02,0.16965999999999998
1586,66,2010-01-03,-0.51942
1587,66,2010-01-04,-0.8326399999999999
1588,66,2010-01-05,-0.8952899999999999
1589,66,2010-01-06,-0.70736
1590,66,2010-01-07,-0.70736
1591,66,2010-01-08,-1.7723
1592,66,2010-01-09,-0.8952899999999999
1593,66,2010-01-10,0.48288
1594,66,2010-01-11,0.67081
1595,66,2010-01-12,0.73346
1596,66,2010-01-13,0.73346
1597,66,2010-01-14,0.42024
1598,66,2010-01-15,-0.51942
1599,66,2010-01-16,-0.64471
1600,66,2010-01-17,-0.70736
1601,66,2010-01-18,-0.77
1602,66,2010-01-19,-0.70736
1603,66,2010-01-20,-0.26885
1604,66,2010-01-21,0.2323
1605,66,2010-01-22,2.4248
1606,66,2010-01-23,1.9237
1607,66,2010-01-24,1.172
